Order_ID,Order_Date,Product,Category,Region,Quantity,Unit_Price,Cost_Price,Revenue,Cost,Profit
1001,2026-01-05,Laptop,Electronics,North,2,1200,900,2400,1800,600
1002,2026-01-08,Mouse,Accessories,South,10,25,12,250,120,130
1003,2026-01-12,Keyboard,Accessories,East,5,50,28,250,140,110
1004,2026-01-18,Monitor,Electronics,West,3,300,210,900,630,270
1005,2026-02-02,Laptop,Electronics,South,1,1200,900,1200,900,300
1006,2026-02-10,Mouse,Accessories,North,15,25,12,375,180,195
1007,2026-02-15,Headphones,Accessories,East,8,80,45,640,360,280
1008,2026-02-21,Monitor,Electronics,South,4,300,210,1200,840,360
1009,2026-03-03,Keyboard,Accessories,West,7,50,28,350,196,154
1010,2026-03-11,Laptop,Electronics,North,2,1200,900,2400,1800,600
1011,2026-03-17,Headphones,Accessories,South,6,80,45,480,270,210
1012,2026-03-25,Monitor,Electronics,East,2,300,210,600,420,180
1013,2026-04-04,Mouse,Accessories,West,20,25,12,500,240,260
1014,2026-04-12,Laptop,Electronics,East,3,1200,900,3600,2700,900
1015,2026-04-20,Keyboard,Accessories,North,9,50,28,450,252,198
